{"cameraMode":{"drawMode":0,"name":"Shaded","section":"Shading Mode"},"sceneLighting":false,"audioPlay":false,"sceneViewState":{"showFog":true,"showMaterialUpdate":false,"showSkybox":true,"showFlares":true,"showImageEffects":true,"showParticleSystems":true},"in2DMode":false,"pivot":{"x":-8.460281372070313,"y":13.523091316223145,"z":49.40088653564453},"rotation":{"x":0.09342657774686814,"y":0.7241909503936768,"z":-0.10016180574893952,"w":0.675908088684082},"size":18.237991333007814,"orthographic":false}