{"cameraMode":{"drawMode":0,"name":"Shaded","section":"Shading Mode"},"sceneLighting":false,"audioPlay":false,"sceneViewState":{"showFog":true,"showMaterialUpdate":false,"showSkybox":true,"showFlares":true,"showImageEffects":true,"showParticleSystems":true},"in2DMode":false,"pivot":{"x":39.43693923950195,"y":3.1483325958251955,"z":-157.39723205566407},"rotation":{"x":0.0020917097572237255,"y":0.9887813329696655,"z":-0.014245403930544854,"w":0.14885661005973817},"size":130.16954040527345,"orthographic":false}