{"cameraMode":{"drawMode":0,"name":"Shaded","section":"Shading Mode"},"sceneLighting":false,"audioPlay":false,"sceneViewState":{"showFog":true,"showMaterialUpdate":false,"showSkybox":true,"showFlares":true,"showImageEffects":true,"showParticleSystems":true},"in2DMode":false,"pivot":{"x":-13.35525131225586,"y":2.4930334091186525,"z":19.091169357299806},"rotation":{"x":0.00007041492790449411,"y":-0.9998037815093994,"z":0.003895588917657733,"w":0.02097458578646183},"size":12.803502082824707,"orthographic":false}