{"cameraMode":{"drawMode":0,"name":"Shaded","section":"Shading Mode"},"sceneLighting":false,"audioPlay":false,"sceneViewState":{"showFog":true,"showMaterialUpdate":false,"showSkybox":true,"showFlares":true,"showImageEffects":true,"showParticleSystems":true},"in2DMode":false,"pivot":{"x":-62.767845153808597,"y":7.647127151489258,"z":24.915679931640626},"rotation":{"x":0.008834239095449448,"y":-0.7560741305351257,"z":0.01020756084471941,"w":0.6543483734130859},"size":51.45615768432617,"orthographic":false}